{"cameraMode":{"drawMode":0,"name":"Shaded","section":"Shading Mode"},"sceneLighting":false,"audioPlay":false,"sceneViewState":{"showFog":true,"showMaterialUpdate":true,"showSkybox":false,"showFlares":true,"showImageEffects":true,"showParticleSystems":true},"in2DMode":false,"pivot":{"x":-0.07624256610870362,"y":1.7693439722061158,"z":1.9677228927612305},"rotation":{"x":0.19503432512283326,"y":0.2879009246826172,"z":-0.060007981956005099,"w":0.9356703162193298},"size":1.6647653579711915,"orthographic":false}