{"cameraMode":{"drawMode":0,"name":"Shaded","section":"Shading Mode"},"sceneLighting":true,"audioPlay":false,"sceneViewState":{"showFog":true,"showMaterialUpdate":true,"showSkybox":true,"showFlares":true,"showImageEffects":true,"showParticleSystems":true},"in2DMode":false,"pivot":{"x":2.0195014476776125,"y":1.032758116722107,"z":-2.2593274116516115},"rotation":{"x":0.14023511111736298,"y":0.5009182691574097,"z":-0.08263784646987915,"w":0.8500509858131409},"size":7.715701580047607,"orthographic":false}