{"cameraMode":{"drawMode":0,"name":"Shaded","section":"Shading Mode"},"sceneLighting":false,"audioPlay":false,"sceneViewState":{"showFog":true,"showMaterialUpdate":true,"showSkybox":false,"showFlares":true,"showImageEffects":true,"showParticleSystems":true},"in2DMode":false,"pivot":{"x":-0.9724311232566834,"y":0.8277701139450073,"z":-5.852419376373291},"rotation":{"x":0.13898716866970063,"y":0.20344339311122895,"z":-0.02918597310781479,"w":0.9687347412109375},"size":0.6311837434768677,"orthographic":false}