{"cameraMode":{"drawMode":0,"name":"Shaded","section":"Shading Mode"},"sceneLighting":true,"audioPlay":false,"sceneViewState":{"showFog":true,"showMaterialUpdate":true,"showSkybox":true,"showFlares":true,"showImageEffects":true,"showParticleSystems":true},"in2DMode":false,"pivot":{"x":20.629724502563478,"y":-24.618576049804689,"z":63.6239128112793},"rotation":{"x":0.16122649610042573,"y":0.1357300579547882,"z":-0.022388840094208719,"w":0.977290153503418},"size":41.36237716674805,"orthographic":false}