{"cameraMode":{"drawMode":0,"name":"Shaded","section":"Shading Mode"},"sceneLighting":false,"audioPlay":false,"sceneViewState":{"showFog":true,"showMaterialUpdate":true,"showSkybox":false,"showFlares":true,"showImageEffects":true,"showParticleSystems":true},"in2DMode":false,"pivot":{"x":976.3491821289063,"y":767.3067626953125,"z":24.42578125},"rotation":{"x":0.12713761627674104,"y":0.01636550761759281,"z":-0.002097988734021783,"w":0.9917485117912293},"size":1114.4500732421875,"orthographic":false}