{"cameraMode":{"drawMode":0,"name":"Shaded","section":"Shading Mode"},"sceneLighting":false,"audioPlay":false,"sceneViewState":{"showFog":true,"showMaterialUpdate":true,"showSkybox":false,"showFlares":true,"showImageEffects":true,"showParticleSystems":true},"in2DMode":false,"pivot":{"x":0.36500006914138796,"y":1.7881393432617188e-7,"z":-5.960464477539063e-8},"rotation":{"x":0.28946375846862795,"y":0.3389441967010498,"z":-0.11044229567050934,"w":0.8883328437805176},"size":1.3647654056549073,"orthographic":false}