{"cameraMode":{"drawMode":0,"name":"Shaded","section":"Shading Mode"},"sceneLighting":true,"audioPlay":false,"sceneViewState":{"showFog":true,"showMaterialUpdate":true,"showSkybox":true,"showFlares":true,"showImageEffects":true,"showParticleSystems":true},"in2DMode":false,"pivot":{"x":5.569838523864746,"y":-11.833768844604493,"z":78.6845703125},"rotation":{"x":0.07190252840518952,"y":0.03141427040100098,"z":-0.0022638163063675167,"w":0.996919572353363},"size":48.18991470336914,"orthographic":false}