{"cameraMode":{"drawMode":0,"name":"Shaded","section":"Shading Mode"},"sceneLighting":true,"audioPlay":false,"sceneViewState":{"showFog":true,"showMaterialUpdate":true,"showSkybox":true,"showFlares":true,"showImageEffects":true,"showParticleSystems":true},"in2DMode":false,"pivot":{"x":-35.84568405151367,"y":-37.81278991699219,"z":26.963451385498048},"rotation":{"x":-0.33187079429626467,"y":0.3591553866863251,"z":-0.13839887082576753,"w":-0.8612295389175415},"size":47.54356002807617,"orthographic":false}