{"cameraMode":{"drawMode":0,"name":"Shaded","section":"Shading Mode"},"sceneLighting":false,"audioPlay":false,"sceneViewState":{"showFog":true,"showMaterialUpdate":true,"showSkybox":false,"showFlares":true,"showImageEffects":true,"showParticleSystems":true},"in2DMode":false,"pivot":{"x":-1.0770870447158814,"y":0.8864187598228455,"z":-5.878793239593506},"rotation":{"x":0.18344470858573914,"y":0.2703358829021454,"z":-0.05254942178726196,"w":0.9436687231063843},"size":0.9311837553977966,"orthographic":false}