{"cameraMode":{"drawMode":0,"name":"Shaded","section":"Shading Mode"},"sceneLighting":true,"audioPlay":false,"sceneViewState":{"showFog":true,"showMaterialUpdate":true,"showSkybox":true,"showFlares":true,"showImageEffects":true,"showParticleSystems":true},"in2DMode":false,"pivot":{"x":1.135995626449585,"y":1.1156377792358399,"z":-6.7842583656311039},"rotation":{"x":0.1316147893667221,"y":-0.0059468988329172138,"z":0.0007918445044197142,"w":0.9912849068641663},"size":2.812657356262207,"orthographic":false}