{"cameraMode":{"drawMode":0,"name":"Shaded","section":"Shading Mode"},"sceneLighting":true,"audioPlay":false,"sceneViewState":{"showFog":true,"showMaterialUpdate":true,"showSkybox":true,"showFlares":true,"showImageEffects":true,"showParticleSystems":true},"in2DMode":false,"pivot":{"x":0.6909352540969849,"y":247.76657104492188,"z":51.8897705078125},"rotation":{"x":0.17887169122695924,"y":0.041309285908937457,"z":-0.007517033256590366,"w":0.9829760193824768},"size":1.9811077117919922,"orthographic":false}