{"cameraMode":{"drawMode":0,"name":"Shaded","section":"Shading Mode"},"sceneLighting":true,"audioPlay":false,"sceneViewState":{"showFog":true,"showMaterialUpdate":true,"showSkybox":true,"showFlares":true,"showImageEffects":true,"showParticleSystems":true},"in2DMode":false,"pivot":{"x":44.67926025390625,"y":10.15937614440918,"z":-6.544443130493164},"rotation":{"x":0.05902639403939247,"y":0.7686758041381836,"z":-0.0716935470700264,"w":0.6328624486923218},"size":40.24299621582031,"orthographic":false}