{"cameraMode":{"drawMode":0,"name":"Shaded","section":"Shading Mode"},"sceneLighting":true,"audioPlay":false,"sceneViewState":{"showFog":true,"showMaterialUpdate":true,"showSkybox":true,"showFlares":true,"showImageEffects":true,"showParticleSystems":true},"in2DMode":false,"pivot":{"x":19.401439666748048,"y":-9.280281066894532,"z":118.87772369384766},"rotation":{"x":0.11871770024299622,"y":0.12771829962730409,"z":-0.015400189906358719,"w":0.9845609664916992},"size":106.00028991699219,"orthographic":false}