{"cameraMode":{"drawMode":0,"name":"Shaded","section":"Shading Mode"},"sceneLighting":true,"audioPlay":false,"sceneViewState":{"showFog":true,"showMaterialUpdate":true,"showSkybox":true,"showFlares":true,"showImageEffects":true,"showParticleSystems":true},"in2DMode":false,"pivot":{"x":11.993316650390625,"y":-15.151302337646485,"z":45.786563873291019},"rotation":{"x":0.18547730147838593,"y":0.4464218318462372,"z":-0.095151387155056,"w":0.8702041506767273},"size":60.57746124267578,"orthographic":false}