{"cameraMode":{"drawMode":0,"name":"Shaded","section":"Shading Mode"},"sceneLighting":true,"audioPlay":false,"sceneViewState":{"showFog":true,"showMaterialUpdate":true,"showSkybox":true,"showFlares":true,"showImageEffects":true,"showParticleSystems":true},"in2DMode":false,"pivot":{"x":-0.5034542083740234,"y":1.0158295631408692,"z":-4.287691593170166},"rotation":{"x":0.13243740797042848,"y":0.5524871945381165,"z":-0.08944358676671982,"w":0.8180581331253052},"size":31.948415756225587,"orthographic":false}