{"cameraMode":{"drawMode":0,"name":"Shaded","section":"Shading Mode"},"sceneLighting":true,"audioPlay":false,"sceneViewState":{"showFog":true,"showMaterialUpdate":true,"showSkybox":true,"showFlares":true,"showImageEffects":true,"showParticleSystems":true},"in2DMode":false,"pivot":{"x":43.24339294433594,"y":-3.4917945861816408,"z":16.032207489013673},"rotation":{"x":0.11061697453260422,"y":0.6936854124069214,"z":-0.1091013252735138,"w":0.7033228278160095},"size":61.121280670166019,"orthographic":false}