{"cameraMode":{"drawMode":0,"name":"Shaded","section":"Shading Mode"},"sceneLighting":true,"audioPlay":false,"sceneViewState":{"showFog":true,"showMaterialUpdate":true,"showSkybox":true,"showFlares":true,"showImageEffects":true,"showParticleSystems":true},"in2DMode":false,"pivot":{"x":0.29540103673934939,"y":-2.8056671619415285,"z":0.011898994445800782},"rotation":{"x":0.17887169122695924,"y":0.041309285908937457,"z":-0.007517033256590366,"w":0.9829760193824768},"size":7.586129188537598,"orthographic":false}